{
	"auth": {
		"crm": "CRM Простой Бизнес",
		"enter_login": "Введите логин...",
		"enter_password": "Введите логин...",
		"remember_password": "Напомнить пароль",
		"sign_in": "Войти",
		"form": {
			"enter_login": "Введите логин",
			"enter_password": "Введите пароль",
			"auth_error": "Ошибка авторизации. Проверьте правильность ввода",
			"welcome": "Добро пожаловать"
		},
		"params": {
			"param": "Настройки приложения"
		}
	},
	"comment": {
		"loading": "Загрузка комментариев",
		"commenting": "Комментировать",
		"show_full_version": "Посмотреть оригинал письма",
		"button": {
			"resend": "Переслать",
			"copy": "Копировать",
			"copy_link": "Ссылка",
			"quote": "Цитировать",
			"category": "Категория",
			"favorite": "Избранное",
			"job": "Дело",
			"move": "Переместить",
			"delete": "Удалить"
		},
		"notice": {
			"copy_link": "Ссылка скопирована",
			"copy_text": "Текст скопирован",
			"error_copy": "Ошибка копирования"
		},
		"com_header": {
			"mail": "Email",
			"vc_to": "Задача назначена",
			"vc_to_null": "Снято назначение с задачи",
			"change_date": "Изменилась дата сдачи задачи",
			"personal_for_user": "Персональный комментарий для пользователей",
			"notify_send": "Отправлено оповещение",
			"without": "[Без назначения]",
			"need_response": "Нужен отклик от",
			"comment_added": "Добавлен комментарий",
			"mail_has_not_theme": "без темы"
		},
		"cls": {
			"system": "Системное сообщение",
			"outgoing": "--- Исходное сообщение ---",
			"date": "Дата",
			"sender": "Отправитель",
			"recipients": "Получатели",
			"theme": "Тема"
		}
	},
	"dataset": {
		"loading": "Загрузка",
		"contacts": "контактов группы",
		"tasks": "задач проекта",
		"task": {
			"empty_contact": "Пустой контакт",
			"no_name": "Без названия"
		},
		"org": {
			"private": "Личное",
			"no_name": "[Без названия]"
		},
		"group": {
			"default": "По-умолчанию"
		},
		"category": {
			"no_name": "[Без категории]"
		}
	},
	"elements": {
		"search": {
			"placeholder": "Введите фразу для поиска"
		}
	},
	"forms": {
		"category": {
			"title": "Список категорий",
			"category": "Категория",
			"history": "История",
			"save": "Сохранить",
			"cancel": "Отмена",
			"date": "Дата",
			"author": "Автор"
		},
		"comment": {
			"comment": "Комментарий",
			"email": "E-mail",
			"target": "Получатель",
			"theme": "Тема письма",
			"send": "Отправить",
			"cancel": "Отмена",
			"mail_param": "Настройка почты",
			"assign": "Назначить",
			"response": "Отклик",
			"targets": "Получатели",
			"load_files": "Загрузка файлов",
			"send_comment": "Отправка комментария",
			"no_vc_to": "[Без назначения]",
			"error": "Ошибка",
			"no_recipients": "Не заполнены адресаты",
			"invalid_mail": "Неверный адрес почты",
			"hello": "Здравствуйте!"
		},
		"comment_move": {
			"title": "Перемещение комментария",
			"task": "В задачу",
			"copy": "Оставить копию",
			"move": "Перенести",
			"cancel": "Отмена",
			"table": "В таблицу",
			"error_request": "Ошибка операции",
			"error_equal": "Комментарий уже в этой задаче",
			"error_not": "Выбранный элемент не является задачей. Выберите задачу из списка"
		},
		"participants": {
			"participants": "Получатели",
			"save": "Сохранить",
			"cancel": "Отмена",
			"users": "Пользователи",
			"contacts": "Контакты"
		},
		"send_mail_params": {
			"local": "Использованы локальные настройки",
			"default": "Сбросить настройки",
			"params": "Настройки шлюза",
			"save_all": "Сохранить для всех",
			"save_local": "Сохранить локально",
			"cancel": "Отмена"
		},
		"personal": {
			"title": "Открыть доступ к задаче?",
			"title_second": "Показать комментарий?",
			"save": "Применить",
			"close": "Отмена",
			"user": "Пользователь",
			"in_org": "Состоит в организациях",
			"render_assign_all_task": "Сделать видимой всю задачу и возможность получать комментарии.",
			"render_assign_comment": "Сделать видимым только этот комментарий.",
			"render_assign_top": "Пользователь %%user%% (%%login%%) не видит эту задачу. Он состоит в организациях:<br>%%orgs%%<br>Выберите, что вы хотите сделать:",
			"render_note_top": "В приведенной таблице укажите, пожалуйста, кому из этих пользователей нужно сделать видимым добавляемый комментарий:",
			"render_note_bot": "Примечание: Если вы не ведете диалог с этими пользователями или не знаете кто это, просто нажмите Принять, не выбирая никого в таблице."
		},
		"errors_text": {
			"fired_user": "Пользователь %%users%% состоит в группе уволенных сотрудников.<br>Пользователям этой группы нельзя отправлять комментарии.",
			"fired_users": "Пользователи %%users%% состоят в группе уволенных сотрудников.<br>Пользователям этой группы нельзя отправлять комментарии."
		},
		"gateway": {
			"show_prefix": "Приветствие",
			"show_postfix": "Подпись",
			"individual": "Индивидуально",
			"save-original": "Исходное сообщение",
			"file-attach": "Ссылки вложениями",
			"read-notify": "Уведомить о прочтении",
			"override_theme": "Переопределить тему письма",
			"theme_text": "Введите тему"
		}
	},
	"interface": {
		"navigate": {
			"main": "Главная страница",
			"info": "Информация",
			"profile": "Анкета",
			"users": "Пользователи",
			"friends": "Друзья",
			"projects": "Проекты",
			"contacts": "Контакты",
			"calendar": "Календарь",
			"crm": "Таблицы",
			"video": "Видео",
			"files": "Файлы"
		},
		"menu": {
			"notification": "Оповещения",
			"sms": "SMS",
			"chat": "Чат",
			"telephony": "Телефония",
			"notes": "Заметки"
		}
	},
	"request": {
		"notify": {
			"change_server": "Меняем сервер"
		}
	},
	"scene": {
		"empty_text": "В данный момент эта сцена недоступна",
		"tab": {
			"info": "Информация",
			"favorite": "Избранное",
			"files": "Файлы",
			"comments": "Комментарии",
			"task": "Задача",
			"chat": "Чат",
			"job": "Дела",
			"access": "Доступы"
		}
	},
	"viewer": {
		"close": "Закрыть",
		"previous": "Предыдущий файл",
		"next": "Следующий файл",
		"copy_link": "Копировать ссылку",
		"download": "Скачать файл",
		"file": "Файл",
		"of": "из",
		"notice": {
			"copy_link": "Ссылка скопирована",
			"error_copy": "Ошибка копирования"
		},
		"unknown": "Неизветсный формат файла или файл не поддерживается"
	},
	"user_block": {
		"menu": {
			"profile": "Анкета",
			"personal_billing": "Личный счет",
			"organization_billing": "Счет организации",
			"properties": "Настройки",
			"exit": "Выход",
			"clear_storage": "Очистить хранилище"
		}
	}
}