{
  "task": [
    {
      "main": {
        "type": "section",
        "title": "Основная",
        "expand": "true",
        "visible": "true",
        "children": [
          {
            "vcName": {
              "type": "string",
              "title": "Название",
              "multi": "false",
              "disable": "false",
              "placeholder": "Введите название задачи",
              "visible": "true"
            }
          }
        ]
      }
    },
    {
      "additional": {
        "type": "section",
        "title": "Дополнительная",
        "expand": "true",
        "visible": "true",
        "children": [
          {
            "vcCountry": {
              "type": "string",
              "title": "Страна",
              "multi": "false",
              "disable": "true",
              "placeholder": "Введите страну",
              "visible": "true"
            }
          },
          {
            "vcPhone": {
              "type": "string",
              "title": "Телефон",
              "multi": "true",
              "disable": "true",
              "placeholder": "Введите телефон",
              "visible": "true"
            }
          }
        ]
      }
    },
    {
      "third": {
        "type": "section",
        "title": "Скрытая",
        "expand": "false",
        "visible": "true",
        "children": [
          {
            "vcCountry": {
              "type": "string",
              "title": "Страна",
              "multi": "false",
              "disable": "true",
              "placeholder": "Введите страну",
              "visible": "true"
            }
          },
          {
            "vcPhone": {
              "type": "string",
              "title": "Телефон",
              "multi": "true",
              "disable": "true",
              "placeholder": "Введите телефон",
              "visible": "true"
            }
          }
        ]
      }
    }
  ]
}