{
  "user": [
    {
      "main": {
        "type": "section",
        "title": "Основное",
        "children": [
          {
            "vcSurname": {
              "type": "string",
              "title": "Фамилия",
              "multi": "false",
              "placeholder": "Введите фамилию"
            }
          },
          {
            "vcRealName": {
              "type": "string",
              "title": "Имя",
              "multi": "false",
              "placeholder": "Введите имя"
            }
          },
          {
            "vcPatrname": {
              "type": "string",
              "title": "Отчетсво",
              "multi": "false",
              "placeholder": "Введите отчество"
            }
          },
          {
            "vcName": {
              "type": "string",
              "title": "Отображаемое имя",
              "multi": "false",
              "placeholder": "Введите отображаемое имя"
            }
          },
          {
            "gender": {
              "type": "select",
              "title": "Пол",
              "multi": "false",
              "options": "user_gender"
            }
          },
          {
            "marstate": {
              "type": "select",
              "title": "Семейное положение",
              "multi": "false",
              "options": "user_marstate"
            }
          },
          {
            "dtBirthday": {
              "type": "date",
              "title": "Дата рождения",
              "multi": "false",
              "placeholder": "Введите дату",
              "format": "user_birthday"
            }
          },
          {
            "showBirthday": {
              "type": "select",
              "title": "Показывать дату рождения",
              "multi": "false",
              "options": "user_show_birthday"
            }
          },
          {
            "political": {
              "type": "select",
              "title": "Политические взгляды",
              "multi": "false",
              "options": "user_political"
            }
          },
          {
            "religion": {
              "type": "string",
              "title": "Религиозные взгляды",
              "multi": "false",
              "placeholder": "Введите текст"
            }
          }
        ]
      }
    },
    {
      "contacts": {
        "type": "section",
        "title": "Контакты",
        "children": [
          {
            "vcCountry": {
              "type": "string",
              "title": "Страна",
              "multi": "false",
              "placeholder": "Введите название страны"
            }
          },
          {
            "vcCity": {
              "type": "string",
              "title": "Город",
              "multi": "false",
              "placeholder": "Введите название города"
            }
          },
          {
            "vcPhoneHand": {
              "type": "string",
              "title": "Мобильный",
              "multi": "true",
              "split": ";",
              "placeholder": "Введите номер телефона"
            }
          },
          {
            "vcPhoneWork": {
              "type": "string",
              "title": "Рабочий",
              "multi": "true",
              "split": ";",
              "placeholder": "Введите номер телефона"
            }
          },
          {
            "vcPhoneHome": {
              "type": "string",
              "title": "Домашний",
              "multi": "true",
              "split": ";",
              "placeholder": "Введите номер телефона"
            }
          },
          {
            "vcEmail": {
              "type": "string",
              "title": "E-mail",
              "multi": "true",
              "placeholder": "Введите E-mail"
            }
          },
          {
            "vcICQ": {
              "type": "string",
              "title": "ICQ",
              "multi": "true",
              "placeholder": "Введите ICQ"
            }
          },
          {
            "vcSkype": {
              "type": "string",
              "title": "Skype",
              "multi": "true",
              "placeholder": "Введите Skype"
            }
          },
          {
            "vcSite": {
              "type": "string",
              "title": "Личный сайт",
              "multi": "true",
              "placeholder": "Введите адрес сайта"
            }
          },
          {
            "vcSIP": {
              "type": "string",
              "title": "SIP",
              "multi": "true",
              "placeholder": "Введите SIP"
            }
          }
        ]
      }
    },
    {
      "private": {
        "type": "section",
        "title": "Личное",
        "children": [
          {
            "vcActivity": {
              "type": "string",
              "title": "Общественная деятельность",
              "multi": "false",
              "placeholder": "",
              "visible": "true"
            }
          },
          {
            "vcInterests": {
              "type": "string",
              "title": "Интересы",
              "multi": "true",
              "placeholder": "",
              "visible": "true"
            }
          },
          {
            "vcFavMusic": {
              "type": "string",
              "title": "Любимая музыка",
              "multi": "true",
              "placeholder": "",
              "visible": "true"
            }
          },
          {
            "vcFavMusician": {
              "type": "string",
              "title": "Группы, исполнители, композиторы",
              "multi": "true",
              "placeholder": "",
              "visible": "true"
            }
          },
          {
            "vcFavFilms": {
              "type": "string",
              "title": "Любимые фильмы",
              "multi": "true",
              "placeholder": "",
              "visible": "true"
            }
          },
          {
            "vcTeleshow": {
              "type": "string",
              "title": "Любимые телешоу",
              "multi": "true",
              "placeholder": "",
              "visible": "true"
            }
          },
          {
            "vcFavBooks": {
              "type": "string",
              "title": "Любимые книги",
              "multi": "true",
              "placeholder": "",
              "visible": "true"
            }
          },
          {
            "vcFavGames": {
              "type": "string",
              "title": "Любимые игры",
              "multi": "true",
              "placeholder": "",
              "visible": "true"
            }
          },
          {
            "vcFavQuotes": {
              "type": "string",
              "title": "Любимые цитаты",
              "multi": "true",
              "placeholder": "",
              "visible": "true"
            }
          },
          {
            "vcItself": {
              "type": "string",
              "title": "Любимые цитаты",
              "multi": "true",
              "placeholder": "",
              "visible": "true"
            }
          }
        ]
      }
    },
    {
      "jobs": {
        "type": "section",
        "title": "Карьера",
        "children": [
          {
            "workexp": {
              "type": "section",
              "title": "Опыт работы",
              "children": [
                {
                  "vcJobs": {
                    "type": "string",
                    "title": "Место работы",
                    "multi": "false",
                    "placeholder": "",
                    "visible": "true"
                  }
                },
                {
                  "vcPosition": {
                    "type": "string",
                    "title": "Должность",
                    "multi": "false",
                    "placeholder": "",
                    "visible": "true"
                  }
                },
                {
                  "dtDateStart": {
                    "type": "string",
                    "title": "Дата начала работы",
                    "multi": "false",
                    "placeholder": "",
                    "visible": "true"
                  }
                },
                {
                  "dtDateEnd": {
                    "type": "string",
                    "title": "Дата окончания работы",
                    "multi": "false",
                    "placeholder": "",
                    "visible": "true"
                  }
                },
                {
                  "vcReasons": {
                    "type": "string",
                    "title": "Причины увольнения",
                    "multi": "false",
                    "placeholder": "",
                    "visible": "true"
                  }
                }
              ]
            }
          }
        ]
      }
    }
  ]
}